{"cameraMode":{"drawMode":0,"name":"Shaded","section":"Shading Mode"},"sceneLighting":true,"audioPlay":false,"sceneViewState":{"m_AlwaysRefresh":false,"showFog":true,"showSkybox":true,"showFlares":true,"showImageEffects":true,"showParticleSystems":true,"showVisualEffectGraphs":true,"m_FxEnabled":true},"in2DMode":false,"pivot":{"x":-1.6595218181610108,"y":-0.32126426696777346,"z":4.910182952880859},"rotation":{"x":-0.46692657470703127,"y":-0.10120262950658798,"z":0.05388263612985611,"w":-0.8768510818481445},"size":10.392577171325684,"orthographic":false}