{"cameraMode":{"drawMode":0,"name":"Shaded","section":"Shading Mode"},"sceneLighting":true,"audioPlay":false,"sceneViewState":{"m_AlwaysRefresh":false,"showFog":true,"showSkybox":true,"showFlares":true,"showImageEffects":true,"showParticleSystems":true,"showVisualEffectGraphs":true,"m_FxEnabled":true},"in2DMode":false,"pivot":{"x":0.3764898478984833,"y":0.9423861503601074,"z":1.550638198852539},"rotation":{"x":-0.1852286458015442,"y":-0.009734070859849453,"z":0.0018259879434481264,"w":-0.9826621413230896},"size":7.071067810058594,"orthographic":false}